"user_id","vis_type","model_type","color_ramp_index","target_value","selected_value","aesthetic_rating","trial_number"
"2","choropleth","engagement","0","8","8","1","0"
"2","heatmap","designer","1","6","6","0","1"
"2","scatter","designer","8","5","3","-20","2"
"2","choropleth","linear","21","8","8","27","3"
"2","choropleth","designer","11","6","6","24","4"
"2","scatter","bayesian","24","4","3","37","5"
"2","scatter","kmeans","14","1","0","-26","6"
"2","choropleth","kmeans","18","4","4","-21","7"
"2","scatter","linear","6","8","7","44","8"
"2","heatmap","engagement","0","8","8","53","9"
"2","heatmap","bayesian","0","2","3","-16","10"
"2","scatter","bayesian","10","1","0","0","11"
"2","choropleth","bayesian","13","3","4","42","12"
"2","heatmap","designer","16","2","3","30","13"
"2","heatmap","bayesian","22","2","3","30","14"
"2","choropleth","linear","5","5","6","34","15"
"2","heatmap","linear","11","3","4","30","16"
"2","heatmap","kmeans","5","4","5","29","17"
"2","choropleth","kmeans","24","2","4","59","18"
"2","heatmap","kmeans","2","7","6","-43","19"
"2","heatmap","linear","14","8","8","-50","20"
"2","choropleth","bayesian","1","8","8","53","21"
"2","choropleth","bayesian","25","5","6","47","22"
"2","scatter","designer","6","1","0","48","23"
"2","scatter","linear","1","3","3","-41","24"
"2","choropleth","designer","12","7","7","32","25"
"2","scatter","engagement","0","8","8","34","26"
"2","scatter","designer","17","6","6","47","27"
"2","heatmap","kmeans","15","0","0","-5","28"
"2","heatmap","linear","18","2","3","-59","29"
"2","choropleth","designer","20","8","8","83","30"
"2","choropleth","kmeans","26","6","5","62","31"
"2","scatter","kmeans","8","2","2","52","32"
"2","scatter","linear","8","4","4","46","33"
"2","heatmap","designer","2","2","3","-32","34"
"2","scatter","bayesian","8","5","4","37","35"
"2","heatmap","bayesian","4","2","3","-50","36"
"2","scatter","kmeans","25","7","6","40","37"
"2","choropleth","linear","17","0","0","43","38"
"3","heatmap","linear","12","5","5","-9","0"
"3","heatmap","designer","10","0","0","100","1"
"3","heatmap","linear","15","6","6","74","2"
"3","choropleth","linear","21","6","5","64","3"
"3","choropleth","kmeans","12","1","0","33","4"
"3","choropleth","bayesian","6","4","5","34","5"
"3","choropleth","designer","16","4","3","38","6"
"3","heatmap","designer","9","8","8","-8","7"
"3","heatmap","kmeans","15","4","3","84","8"
"3","scatter","bayesian","1","0","0","43","9"
"3","scatter","linear","1","7","6","86","10"
"3","heatmap","kmeans","3","1","2","95","11"
"3","scatter","designer","0","0","7","75","12"
"3","scatter","kmeans","2","3","3","72","13"
"3","choropleth","bayesian","23","1","1","62","14"
"3","choropleth","linear","17","5","5","30","15"
"3","choropleth","kmeans","4","5","6","49","16"
"3","choropleth","engagement","0","8","8","-60","17"
"3","choropleth","kmeans","16","7","7","50","18"
"3","scatter","bayesian","25","4","4","90","19"
"3","scatter","linear","8","5","5","12","20"
"3","heatmap","designer","8","4","3","-90","21"
"3","choropleth","linear","0","1","2","33","22"
"3","heatmap","bayesian","4","3","4","8","23"
"3","choropleth","bayesian","5","7","7","76","24"
"3","scatter","designer","4","0","0","55","25"
"3","heatmap","kmeans","7","2","3","79","26"
"3","heatmap","engagement","0","8","8","67","27"
"3","scatter","bayesian","13","3","3","27","28"
"3","heatmap","bayesian","19","0","0","27","29"
"3","scatter","kmeans","8","1","1","74","30"
"3","heatmap","bayesian","3","8","8","55","31"
"3","scatter","linear","11","5","5","50","32"
"3","scatter","engagement","0","8","8","-23","33"
"3","choropleth","designer","15","0","0","88","34"
"3","scatter","kmeans","25","0","0","57","35"
"3","choropleth","designer","22","2","2","73","36"
"3","scatter","designer","18","6","6","88","37"
"3","heatmap","linear","18","5","5","60","38"
"5","scatter","linear","24","6","5","9","0"
"5","heatmap","bayesian","3","3","3","55","1"
"5","heatmap","kmeans","18","5","5","43","2"
"5","scatter","bayesian","5","1","2","78","3"
"5","choropleth","linear","26","2","2","100","4"
"5","heatmap","kmeans","23","4","4","80","5"
"5","heatmap","designer","7","8","8","64","6"
"5","heatmap","linear","14","7","7","-22","7"
"5","choropleth","designer","22","8","8","35","8"
"5","heatmap","bayesian","20","8","8","13","9"
"5","scatter","kmeans","17","1","1","57","10"
"5","choropleth","kmeans","3","3","3","30","11"
"5","scatter","designer","17","5","5","59","12"
"5","scatter","kmeans","4","8","8","-33","13"
"5","heatmap","bayesian","23","0","0","76","14"
"5","scatter","linear","15","8","8","-44","15"
"5","scatter","bayesian","11","8","8","83","16"
"5","choropleth","bayesian","19","4","4","53","17"
"5","choropleth","bayesian","21","1","1","56","18"
"5","heatmap","kmeans","24","2","2","27","19"
"5","scatter","linear","16","6","3","-90","20"
"5","choropleth","designer","25","6","5","49","21"
"5","choropleth","linear","10","8","8","-64","22"
"5","heatmap","engagement","0","8","8","40","23"
"5","scatter","designer","26","6","6","96","24"
"5","choropleth","bayesian","9","7","7","39","25"
"5","scatter","kmeans","9","6","5","99","26"
"5","heatmap","designer","23","7","7","-70","27"
"5","choropleth","designer","10","4","5","74","28"
"5","heatmap","linear","18","1","1","10","29"
"5","choropleth","kmeans","2","3","3","-92","30"
"5","choropleth","linear","6","4","4","0","31"
"5","scatter","designer","1","8","8","57","32"
"5","choropleth","kmeans","0","2","2","38","33"
"5","heatmap","linear","22","7","7","-58","34"
"5","heatmap","designer","19","6","7","61","35"
"5","scatter","engagement","0","8","8","86","36"
"5","scatter","bayesian","7","5","5","33","37"
"5","choropleth","engagement","0","8","8","-35","38"
"6","scatter","bayesian","26","7","6","53","0"
"6","choropleth","bayesian","10","7","6","78","1"
"6","heatmap","kmeans","3","4","4","78","2"
"6","choropleth","designer","13","2","3","38","3"
"6","scatter","bayesian","3","5","5","56","4"
"6","scatter","designer","6","2","4","25","5"
"6","scatter","kmeans","21","6","5","0","6"
"6","choropleth","linear","3","8","8","47","7"
"6","heatmap","engagement","0","8","8","79","8"
"6","scatter","designer","16","2","2","-35","9"
"6","heatmap","bayesian","17","3","4","0","10"
"6","choropleth","bayesian","21","2","2","0","11"
"6","scatter","linear","5","6","6","0","12"
"6","heatmap","linear","1","0","1","44","13"
"6","scatter","bayesian","18","3","4","30","14"
"6","choropleth","kmeans","8","5","6","86","15"
"6","choropleth","bayesian","15","1","0","44","16"
"6","heatmap","kmeans","0","0","0","-74","17"
"6","heatmap","bayesian","9","6","7","-82","18"
"6","choropleth","engagement","0","8","8","60","19"
"6","scatter","linear","24","4","5","0","20"
"6","scatter","engagement","0","8","8","0","21"
"6","choropleth","kmeans","13","4","4","21","22"
"6","choropleth","linear","20","4","5","0","23"
"6","heatmap","designer","14","1","0","0","24"
"6","heatmap","bayesian","5","2","2","0","25"
"6","heatmap","designer","7","3","5","0","26"
"6","scatter","kmeans","25","4","4","31","27"
"6","heatmap","linear","8","1","0","0","28"
"6","heatmap","linear","9","7","6","-70","29"
"6","scatter","kmeans","23","3","4","70","30"
"6","choropleth","linear","14","4","5","0","31"
"6","choropleth","designer","25","1","1","69","32"
"6","heatmap","designer","20","1","2","69","33"
"6","scatter","linear","21","2","2","0","34"
"6","choropleth","kmeans","17","3","4","80","35"
"6","scatter","designer","24","3","3","0","36"
"6","choropleth","designer","22","2","1","0","37"
"6","heatmap","kmeans","18","8","8","0","38"
"7","heatmap","bayesian","0","6","5","-42","0"
"7","choropleth","kmeans","24","5","5","-42","1"
"7","scatter","kmeans","18","7","6","-26","2"
"7","scatter","linear","6","7","4","-87","3"
"7","scatter","designer","20","8","8","35","4"
"7","scatter","bayesian","26","2","3","-43","5"
"7","scatter","linear","1","8","8","-43","6"
"7","choropleth","linear","19","7","7","-33","7"
"7","heatmap","designer","24","6","6","-85","8"
"7","heatmap","designer","11","2","2","-65","9"
"7","scatter","designer","23","3","4","-37","10"
"7","scatter","designer","15","8","8","-15","11"
"7","choropleth","bayesian","13","6","7","-44","12"
"7","heatmap","linear","5","2","2","-24","13"
"7","choropleth","designer","13","7","6","41","14"
"7","heatmap","kmeans","9","7","8","11","15"
"7","choropleth","engagement","0","8","8","-18","16"
"7","heatmap","linear","14","0","2","-82","17"
"7","choropleth","designer","4","8","8","9","18"
"7","scatter","bayesian","19","2","3","9","19"
"7","heatmap","kmeans","17","8","8","9","20"
"7","heatmap","bayesian","1","8","8","-19","21"
"7","heatmap","bayesian","25","8","8","24","22"
"7","scatter","kmeans","14","4","3","10","23"
"7","choropleth","bayesian","8","7","8","13","24"
"7","choropleth","kmeans","6","5","4","12","25"
"7","scatter","linear","26","5","5","16","26"
"7","heatmap","kmeans","19","1","1","9","27"
"7","scatter","bayesian","17","7","6","11","28"
"7","scatter","engagement","0","8","8","8","29"
"7","heatmap","linear","18","7","7","11","30"
"7","choropleth","designer","26","1","1","53","31"
"7","choropleth","linear","20","0","0","9","32"
"7","choropleth","kmeans","1","3","3","22","33"
"7","choropleth","bayesian","21","8","8","8","34"
"7","scatter","kmeans","0","4","4","15","35"
"7","choropleth","linear","24","6","7","-10","36"
"7","heatmap","designer","2","6","5","6","37"
"7","heatmap","engagement","0","8","8","9","38"
"8","choropleth","linear","14","5","4","-64","0"
"8","scatter","bayesian","24","3","3","-49","1"
"8","heatmap","bayesian","2","5","6","33","2"
"8","heatmap","linear","1","3","4","33","3"
"8","choropleth","linear","17","6","5","-45","4"
"8","choropleth","bayesian","0","7","6","41","5"
"8","choropleth","designer","13","4","4","-98","6"
"8","scatter","designer","8","6","7","-80","7"
"8","heatmap","kmeans","20","3","4","-45","8"
"8","heatmap","designer","24","2","3","12","9"
"8","heatmap","kmeans","4","5","4","19","10"
"8","choropleth","linear","22","4","6","24","11"
"8","heatmap","bayesian","1","8","4","54","12"
"8","scatter","linear","8","7","4","-49","13"
"8","scatter","engagement","0","8","8","19","14"
"8","heatmap","linear","21","4","3","-25","15"
"8","heatmap","bayesian","26","0","1","20","16"
"8","choropleth","bayesian","3","3","4","36","17"
"8","scatter","bayesian","12","0","0","59","18"
"8","scatter","kmeans","11","1","2","-19","19"
"8","choropleth","designer","17","4","5","-27","20"
"8","scatter","kmeans","7","2","3","26","21"
"8","choropleth","kmeans","14","0","0","72","22"
"8","choropleth","kmeans","12","6","5","-54","23"
"8","scatter","designer","0","7","7","-43","24"
"8","heatmap","kmeans","15","8","8","52","25"
"8","choropleth","kmeans","2","1","0","-21","26"
"8","choropleth","engagement","0","8","8","54","27"
"8","scatter","kmeans","8","1","2","29","28"
"8","heatmap","linear","9","8","7","43","29"
"8","heatmap","engagement","0","8","8","82","30"
"8","choropleth","designer","16","6","6","32","31"
"8","scatter","designer","10","4","5","19","32"
"8","heatmap","designer","4","1","2","-32","33"
"8","choropleth","bayesian","9","1","2","-41","34"
"8","heatmap","designer","21","6","5","-61","35"
"8","scatter","linear","20","8","8","40","36"
"8","scatter","linear","18","2","1","-52","37"
"8","scatter","bayesian","18","3","3","-44","38"
"9","choropleth","designer","9","3","3","-51","0"
"9","scatter","bayesian","8","6","5","41","1"
"9","choropleth","engagement","0","8","8","-100","2"
"9","choropleth","kmeans","14","5","5","55","3"
"9","scatter","designer","8","8","8","-100","4"
"9","choropleth","bayesian","16","6","7","56","5"
"9","heatmap","linear","0","2","3","5","6"
"9","heatmap","kmeans","15","2","2","-79","7"
"9","scatter","linear","15","3","3","40","8"
"9","scatter","kmeans","21","2","2","73","9"
"9","scatter","kmeans","0","4","4","95","10"
"9","heatmap","engagement","0","8","8","-37","11"
"9","choropleth","designer","21","6","6","100","12"
"9","heatmap","designer","14","4","5","-100","13"
"9","scatter","bayesian","5","7","6","100","14"
"9","heatmap","bayesian","6","2","3","-30","15"
"9","heatmap","bayesian","19","7","7","74","16"
"9","scatter","kmeans","13","6","4","71","17"
"9","choropleth","kmeans","20","0","0","39","18"
"9","heatmap","kmeans","12","4","4","19","19"
"9","heatmap","kmeans","10","6","6","100","20"
"9","heatmap","designer","25","2","3","-90","21"
"9","choropleth","linear","19","1","2","61","22"
"9","scatter","engagement","0","8","8","8","23"
"9","heatmap","bayesian","17","2","2","92","24"
"9","heatmap","linear","5","4","4","96","25"
"9","scatter","linear","13","2","2","-76","26"
"9","heatmap","designer","10","0","0","-23","27"
"9","heatmap","linear","3","4","4","89","28"
"9","choropleth","bayesian","20","3","3","-72","29"
"9","scatter","designer","17","8","8","-88","30"
"9","choropleth","linear","26","4","5","-10","31"
"9","choropleth","designer","11","7","6","-47","32"
"9","scatter","bayesian","25","2","2","0","33"
"9","choropleth","kmeans","4","6","5","-80","34"
"9","scatter","linear","23","8","8","-48","35"
"9","choropleth","linear","12","2","2","54","36"
"9","choropleth","bayesian","4","8","8","-12","37"
"9","scatter","designer","3","4","3","-100","38"
"10","scatter","kmeans","14","4","4","14","0"
"10","choropleth","kmeans","1","0","0","-26","1"
"10","choropleth","kmeans","22","7","6","31","2"
"10","scatter","designer","7","8","8","38","3"
"10","choropleth","bayesian","21","1","1","38","4"
"10","scatter","kmeans","0","6","5","55","5"
"10","heatmap","kmeans","13","1","1","22","6"
"10","scatter","linear","17","1","1","0","7"
"10","choropleth","engagement","0","8","8","-15","8"
"10","heatmap","linear","24","5","5","-35","9"
"10","scatter","designer","14","5","5","78","10"
"10","heatmap","designer","19","1","2","27","11"
"10","choropleth","designer","1","2","2","0","12"
"10","choropleth","designer","5","5","4","0","13"
"10","choropleth","linear","1","3","4","50","14"
"10","scatter","engagement","0","8","8","21","15"
"10","scatter","bayesian","8","3","3","49","16"
"10","scatter","bayesian","14","7","6","-23","17"
"10","heatmap","bayesian","2","0","0","-17","18"
"10","choropleth","linear","3","6","5","22","19"
"10","scatter","linear","5","8","8","-27","20"
"10","scatter","designer","0","7","4","-26","21"
"10","heatmap","designer","12","3","3","-65","22"
"10","heatmap","kmeans","26","8","7","23","23"
"10","heatmap","engagement","0","8","8","24","24"
"10","scatter","kmeans","19","6","4","61","25"
"10","heatmap","kmeans","7","3","4","30","26"
"10","heatmap","linear","14","6","5","-85","27"
"10","choropleth","bayesian","17","5","4","52","28"
"10","heatmap","bayesian","22","1","1","-57","29"
"10","heatmap","linear","15","3","4","0","30"
"10","heatmap","bayesian","16","8","7","16","31"
"10","scatter","bayesian","6","7","6","21","32"
"10","choropleth","kmeans","11","7","6","-30","33"
"10","choropleth","designer","26","0","0","22","34"
"10","scatter","linear","9","6","4","62","35"
"10","choropleth","bayesian","15","1","1","26","36"
"10","heatmap","designer","23","8","7","19","37"
"10","choropleth","linear","26","3","3","-33","38"
"11","choropleth","kmeans","20","3","3","-100","0"
"11","choropleth","linear","19","1","1","-100","1"
"11","heatmap","linear","16","6","7","-100","2"
"11","heatmap","bayesian","7","7","8","-66","3"
"11","choropleth","bayesian","19","5","4","-49","4"
"11","scatter","kmeans","7","5","6","0","5"
"11","heatmap","kmeans","18","4","5","17","6"
"11","choropleth","kmeans","3","5","4","-28","7"
"11","choropleth","linear","25","7","6","25","8"
"11","heatmap","engagement","0","8","8","-8","9"
"11","scatter","kmeans","13","1","1","-11","10"
"11","choropleth","kmeans","19","0","0","48","11"
"11","scatter","designer","25","4","5","-37","12"
"11","scatter","designer","15","0","0","-16","13"
"11","scatter","bayesian","13","5","4","-12","14"
"11","heatmap","kmeans","9","2","2","38","15"
"11","scatter","bayesian","14","5","3","-12","16"
"11","heatmap","designer","18","8","8","8","17"
"11","scatter","linear","5","8","8","11","18"
"11","heatmap","designer","24","5","6","10","19"
"11","heatmap","linear","20","2","3","-10","20"
"11","scatter","linear","15","7","7","12","21"
"11","choropleth","designer","1","0","0","55","22"
"11","choropleth","bayesian","2","0","0","43","23"
"11","heatmap","designer","10","3","4","-59","24"
"11","scatter","linear","10","0","0","16","25"
"11","scatter","kmeans","17","1","2","-11","26"
"11","heatmap","bayesian","8","6","7","10","27"
"11","heatmap","bayesian","23","4","5","-74","28"
"11","choropleth","designer","23","8","8","29","29"
"11","choropleth","linear","14","8","7","13","30"
"11","choropleth","bayesian","3","5","5","-9","31"
"11","heatmap","linear","7","2","4","-10","32"
"11","scatter","designer","14","5","5","15","33"
"11","scatter","bayesian","20","2","3","-10","34"
"11","scatter","engagement","0","8","8","15","35"
"11","choropleth","designer","13","2","3","100","36"
"11","heatmap","kmeans","1","8","7","13","37"
"11","choropleth","engagement","0","8","8","14","38"
"12","scatter","bayesian","17","8","8","0","0"
"12","heatmap","designer","7","2","3","0","1"
"12","heatmap","kmeans","25","5","6","0","2"
"12","choropleth","kmeans","10","4","4","0","3"
"12","choropleth","kmeans","11","5","5","0","4"
"12","scatter","kmeans","19","0","0","0","5"
"12","heatmap","designer","0","5","5","0","6"
"12","choropleth","bayesian","14","5","4","0","7"
"12","heatmap","linear","1","3","2","0","8"
"12","choropleth","linear","2","1","1","0","9"
"12","choropleth","linear","23","3","3","0","10"
"12","scatter","designer","11","1","1","0","11"
"12","heatmap","bayesian","23","7","6","0","12"
"12","choropleth","designer","19","3","3","0","13"
"12","choropleth","linear","0","6","5","0","14"
"12","heatmap","designer","1","8","8","0","15"
"12","scatter","designer","13","7","7","0","16"
"12","heatmap","linear","10","6","5","0","17"
"12","heatmap","kmeans","23","2","2","0","18"
"12","heatmap","linear","26","0","0","0","19"
"12","choropleth","bayesian","26","2","3","0","20"
"12","heatmap","engagement","0","8","8","0","21"
"12","choropleth","kmeans","13","6","5","0","22"
"12","scatter","bayesian","12","5","5","0","23"
"12","scatter","designer","2","2","2","0","24"
"12","choropleth","bayesian","6","2","3","0","25"
"12","scatter","linear","12","2","2","0","26"
"12","choropleth","designer","5","8","8","0","27"
"12","scatter","kmeans","8","1","1","0","28"
"12","scatter","engagement","0","8","8","0","29"
"12","scatter","linear","6","5","3","0","30"
"12","heatmap","bayesian","0","4","4","0","31"
"12","choropleth","engagement","0","8","8","0","32"
"12","scatter","bayesian","19","6","6","0","33"
"12","scatter","linear","11","0","0","0","34"
"12","heatmap","kmeans","0","1","1","100","35"
"12","scatter","kmeans","5","7","7","0","36"
"12","heatmap","bayesian","10","3","4","0","37"
"12","choropleth","designer","22","7","6","0","38"
"13","heatmap","designer","8","8","7","-41","0"
"13","heatmap","bayesian","22","6","6","-28","1"
"13","heatmap","linear","5","6","7","-27","2"
"13","choropleth","linear","3","7","7","0","3"
"13","choropleth","linear","26","5","5","0","4"
"13","scatter","designer","4","3","4","0","5"
"13","choropleth","designer","6","1","1","0","6"
"13","scatter","engagement","0","8","8","0","7"
"13","choropleth","bayesian","10","1","2","23","8"
"13","choropleth","engagement","0","8","8","15","9"
"13","scatter","designer","17","1","3","0","10"
"13","scatter","kmeans","3","2","3","0","11"
"13","heatmap","engagement","0","8","8","18","12"
"13","heatmap","designer","22","4","7","0","13"
"13","scatter","bayesian","18","2","3","14","14"
"13","choropleth","bayesian","20","0","0","0","15"
"13","heatmap","bayesian","4","6","7","0","16"
"13","scatter","kmeans","16","1","2","0","17"
"13","heatmap","designer","24","3","4","-27","18"
"13","choropleth","kmeans","5","1","2","0","19"
"13","heatmap","kmeans","17","6","7","0","20"
"13","heatmap","kmeans","4","4","6","0","21"
"13","heatmap","linear","4","1","3","0","22"
"13","heatmap","kmeans","15","2","3","0","23"
"13","heatmap","bayesian","6","2","3","0","24"
"13","choropleth","kmeans","0","3","2","12","25"
"13","choropleth","kmeans","11","6","4","18","26"
"13","scatter","kmeans","13","1","3","0","27"
"13","choropleth","designer","7","4","5","0","28"
"13","scatter","bayesian","7","2","4","0","29"
"13","choropleth","linear","19","5","6","0","30"
"13","scatter","linear","20","4","1","-32","31"
"13","scatter","designer","20","2","3","0","32"
"13","choropleth","designer","10","0","1","0","33"
"13","scatter","linear","1","2","4","0","34"
"13","heatmap","linear","8","7","6","0","35"
"13","choropleth","bayesian","23","4","5","0","36"
"13","scatter","bayesian","13","8","8","0","37"
"13","scatter","linear","11","3","3","0","38"
"14","choropleth","kmeans","9","2","2","0","0"
"14","choropleth","bayesian","2","6","6","0","1"
"14","scatter","bayesian","25","8","8","0","2"
"14","choropleth","kmeans","11","6","5","0","3"
"14","heatmap","kmeans","14","7","7","0","4"
"14","scatter","engagement","0","8","8","0","5"
"14","scatter","linear","10","3","3","0","6"
"14","choropleth","designer","5","1","1","0","7"
"14","scatter","kmeans","24","2","2","0","8"
"14","choropleth","bayesian","4","3","3","0","9"
"14","heatmap","engagement","0","8","8","0","10"
"14","choropleth","designer","14","1","1","0","11"
"14","scatter","bayesian","19","5","5","0","12"
"14","heatmap","linear","1","2","3","0","13"
"14","heatmap","kmeans","13","0","1","0","14"
"14","heatmap","linear","12","7","6","0","15"
"14","choropleth","kmeans","5","8","8","0","16"
"14","choropleth","designer","7","3","4","0","17"
"14","scatter","linear","25","6","5","0","18"
"14","choropleth","linear","18","0","0","0","19"
"14","heatmap","kmeans","25","3","4","0","20"
"14","heatmap","designer","21","2","2","0","21"
"14","choropleth","engagement","0","8","8","0","22"
"14","choropleth","linear","9","1","1","0","23"
"14","choropleth","linear","15","4","3","0","24"
"14","scatter","bayesian","14","1","1","0","25"
"14","scatter","designer","18","6","4","0","26"
"14","scatter","kmeans","20","6","5","0","27"
"14","heatmap","linear","14","1","2","0","28"
"14","heatmap","bayesian","18","6","7","0","29"
"14","heatmap","bayesian","17","7","7","0","30"
"14","scatter","linear","26","3","4","0","31"
"14","heatmap","designer","23","8","8","0","32"
"14","scatter","kmeans","3","8","8","0","33"
"14","scatter","designer","25","4","4","0","34"
"14","scatter","designer","4","7","6","0","35"
"14","choropleth","bayesian","10","0","0","0","36"
"14","heatmap","bayesian","11","3","2","0","37"
"14","heatmap","designer","17","1","2","0","38"
"15","choropleth","designer","12","2","4","0","0"
"15","choropleth","bayesian","18","6","6","47","1"
"15","heatmap","linear","4","7","7","37","2"
"15","choropleth","kmeans","13","6","7","42","3"
"15","scatter","bayesian","23","6","3","0","4"
"15","choropleth","kmeans","7","7","8","0","5"
"15","scatter","linear","5","0","0","29","6"
"15","heatmap","designer","2","8","8","0","7"
"15","choropleth","linear","22","6","7","0","8"
"15","scatter","bayesian","21","3","3","0","9"
"15","choropleth","engagement","0","8","8","0","10"
"15","choropleth","bayesian","11","6","5","0","11"
"15","scatter","designer","6","8","8","46","12"
"15","choropleth","designer","7","8","8","77","13"
"15","heatmap","bayesian","20","6","6","0","14"
"15","heatmap","bayesian","16","1","2","0","15"
"15","heatmap","engagement","0","8","8","0","16"
"15","scatter","kmeans","11","1","1","0","17"
"15","choropleth","bayesian","3","4","5","0","18"
"15","choropleth","designer","5","4","5","0","19"
"15","scatter","kmeans","19","6","5","99","20"
"15","scatter","linear","3","5","5","0","21"
"15","scatter","designer","16","2","5","0","22"
"15","choropleth","linear","8","3","3","0","23"
"15","heatmap","bayesian","1","1","2","-21","24"
"15","heatmap","linear","9","5","6","0","25"
"15","heatmap","designer","4","3","5","31","26"
"15","heatmap","designer","22","3","5","0","27"
"15","choropleth","linear","19","3","2","0","28"
"15","scatter","linear","14","0","0","-35","29"
"15","choropleth","kmeans","3","6","7","0","30"
"15","scatter","kmeans","25","2","3","45","31"
"15","scatter","bayesian","25","0","0","53","32"
"15","heatmap","kmeans","9","7","7","15","33"
"15","heatmap","linear","16","3","4","-91","34"
"15","scatter","designer","24","6","6","0","35"
"15","heatmap","kmeans","1","5","6","-13","36"
"15","heatmap","kmeans","12","4","5","29","37"
"15","scatter","engagement","0","8","8","47","38"
"16","choropleth","engagement","0","8","8","-56","0"
"16","choropleth","kmeans","3","1","1","39","1"
"16","choropleth","bayesian","12","5","6","0","2"
"16","heatmap","kmeans","1","4","6","-41","3"
"16","choropleth","bayesian","22","6","6","-100","4"
"16","choropleth","designer","25","4","3","26","5"
"16","heatmap","designer","22","7","8","18","6"
"16","heatmap","bayesian","16","2","3","-23","7"
"16","scatter","engagement","0","8","8","13","8"
"16","heatmap","linear","14","5","6","-100","9"
"16","heatmap","kmeans","7","6","5","100","10"
"16","choropleth","linear","12","7","7","-20","11"
"16","scatter","kmeans","10","1","1","0","12"
"16","heatmap","linear","11","4","5","16","13"
"16","scatter","designer","16","2","1","21","14"
"16","choropleth","designer","6","5","6","-2","15"
"16","choropleth","kmeans","24","6","6","16","16"
"16","choropleth","linear","7","0","0","-13","17"
"16","scatter","linear","18","7","7","-24","18"
"16","choropleth","kmeans","8","0","1","46","19"
"16","scatter","bayesian","15","0","0","0","20"
"16","scatter","kmeans","17","3","4","55","21"
"16","heatmap","designer","21","1","1","21","22"
"16","heatmap","engagement","0","8","8","-24","23"
"16","heatmap","designer","13","6","6","-100","24"
"16","choropleth","linear","4","8","8","33","25"
"16","scatter","linear","13","1","1","-12","26"
"16","scatter","bayesian","26","7","7","-16","27"
"16","scatter","kmeans","23","1","1","100","28"
"16","choropleth","designer","12","5","6","-12","29"
"16","scatter","linear","10","8","8","12","30"
"16","choropleth","bayesian","4","0","0","-12","31"
"16","heatmap","kmeans","26","2","1","23","32"
"16","heatmap","bayesian","24","0","0","-15","33"
"16","heatmap","linear","22","7","8","-100","34"
"16","scatter","bayesian","13","4","5","30","35"
"16","heatmap","bayesian","18","0","0","13","36"
"16","scatter","designer","11","1","1","-5","37"
"16","scatter","designer","17","2","2","-5","38"
"17","scatter","kmeans","2","2","2","0","0"
"17","scatter","designer","21","0","0","0","1"
"17","heatmap","bayesian","25","8","8","0","2"
"17","heatmap","designer","8","7","7","0","3"
"17","scatter","kmeans","1","0","0","0","4"
"17","choropleth","linear","2","3","0","0","5"
"17","scatter","linear","19","5","3","0","6"
"17","heatmap","linear","9","4","3","0","7"
"17","scatter","kmeans","0","8","8","0","8"
"17","scatter","linear","6","3","1","0","9"
"17","heatmap","kmeans","15","5","6","0","10"
"17","heatmap","engagement","0","8","8","0","11"
"17","scatter","linear","16","3","0","0","12"
"17","choropleth","kmeans","21","1","0","0","13"
"17","choropleth","bayesian","15","6","5","0","14"
"17","choropleth","linear","8","3","3","0","15"
"17","scatter","designer","2","5","5","0","16"
"17","heatmap","linear","4","4","5","0","17"
"17","scatter","designer","5","7","6","0","18"
"17","choropleth","kmeans","13","0","0","0","19"
"17","scatter","bayesian","17","7","7","0","20"
"17","choropleth","bayesian","26","7","7","0","21"
"17","scatter","bayesian","22","8","8","0","22"
"17","choropleth","kmeans","7","7","8","0","23"
"17","scatter","bayesian","8","2","2","0","24"
"17","choropleth","engagement","0","8","8","0","25"
"17","scatter","engagement","0","8","8","0","26"
"17","choropleth","bayesian","5","6","8","0","27"
"17","heatmap","linear","23","4","5","0","28"
"17","choropleth","linear","24","6","5","0","29"
"17","choropleth","designer","18","3","2","0","30"
"17","choropleth","designer","20","7","7","0","31"
"17","heatmap","bayesian","7","5","5","0","32"
"17","heatmap","designer","22","0","0","0","33"
"17","choropleth","designer","25","8","8","0","34"
"17","heatmap","kmeans","14","7","8","0","35"
"17","heatmap","designer","19","6","6","0","36"
"17","heatmap","bayesian","18","6","5","0","37"
"17","heatmap","kmeans","8","7","7","0","38"
"19","choropleth","kmeans","13","0","0","10","0"
"19","choropleth","bayesian","22","6","6","9","1"
"19","choropleth","designer","25","1","2","9","2"
"19","scatter","bayesian","5","0","0","-7","3"
"19","choropleth","bayesian","14","3","3","6","4"
"19","choropleth","kmeans","20","8","8","-13","5"
"19","heatmap","engagement","0","8","8","-13","6"
"19","choropleth","bayesian","23","0","0","-12","7"
"19","scatter","designer","22","0","0","12","8"
"19","heatmap","kmeans","3","3","2","11","9"
"19","choropleth","kmeans","21","2","2","11","10"
"19","heatmap","linear","6","4","5","-7","11"
"19","scatter","designer","7","0","0","12","12"
"19","heatmap","bayesian","18","6","5","10","13"
"19","scatter","linear","19","7","7","11","14"
"19","scatter","kmeans","23","8","8","10","15"
"19","heatmap","linear","16","8","8","9","16"
"19","choropleth","designer","10","8","8","-25","17"
"19","scatter","linear","5","3","2","-9","18"
"19","scatter","linear","21","6","4","23","19"
"19","heatmap","bayesian","26","6","5","-6","20"
"19","scatter","bayesian","9","5","5","0","21"
"19","choropleth","engagement","0","8","8","7","22"
"19","choropleth","linear","26","0","0","-6","23"
"19","choropleth","linear","20","8","8","11","24"
"19","heatmap","designer","2","6","5","-8","25"
"19","scatter","designer","23","0","0","6","26"
"19","scatter","bayesian","2","8","8","-8","27"
"19","heatmap","bayesian","25","7","7","0","28"
"19","heatmap","kmeans","0","6","6","-10","29"
"19","scatter","kmeans","19","1","1","-8","30"
"19","heatmap","linear","4","6","5","8","31"
"19","choropleth","linear","23","5","4","5","32"
"19","choropleth","designer","21","6","5","0","33"
"19","scatter","engagement","0","8","8","12","34"
"19","scatter","kmeans","15","8","8","32","35"
"19","heatmap","designer","5","6","5","14","36"
"19","heatmap","kmeans","25","8","7","-6","37"
"19","heatmap","designer","11","8","8","0","38"
"20","heatmap","kmeans","24","6","5","-67","0"
"20","choropleth","linear","8","2","2","-94","1"
"20","scatter","kmeans","20","0","0","-38","2"
"20","scatter","linear","18","3","1","-29","3"
"20","choropleth","kmeans","8","0","0","-38","4"
"20","scatter","engagement","0","8","8","-37","5"
"20","choropleth","bayesian","11","0","0","87","6"
"20","choropleth","kmeans","0","6","6","67","7"
"20","choropleth","linear","4","6","5","77","8"
"20","heatmap","linear","19","6","6","-39","9"
"20","choropleth","kmeans","3","0","0","95","10"
"20","scatter","linear","12","3","3","-69","11"
"20","scatter","bayesian","22","2","2","27","12"
"20","choropleth","designer","17","1","3","20","13"
"20","scatter","bayesian","16","4","3","-30","14"
"20","choropleth","designer","11","2","2","-24","15"
"20","heatmap","bayesian","24","0","0","-54","16"
"20","heatmap","designer","14","2","3","-23","17"
"20","heatmap","bayesian","4","0","0","-22","18"
"20","heatmap","engagement","0","8","8","-40","19"
"20","heatmap","kmeans","15","5","4","83","20"
"20","heatmap","designer","22","5","3","45","21"
"20","choropleth","bayesian","1","7","6","12","22"
"20","scatter","designer","1","7","7","21","23"
"20","scatter","designer","7","8","8","46","24"
"20","scatter","bayesian","18","3","5","-21","25"
"20","heatmap","kmeans","13","3","3","-22","26"
"20","heatmap","linear","5","6","5","-19","27"
"20","scatter","kmeans","9","5","4","9","28"
"20","heatmap","designer","13","3","4","-100","29"
"20","choropleth","engagement","0","8","8","58","30"
"20","scatter","designer","6","0","0","75","31"
"20","heatmap","bayesian","26","7","6","22","32"
"20","scatter","kmeans","7","0","0","100","33"
"20","heatmap","linear","1","5","4","33","34"
"20","choropleth","linear","25","5","4","17","35"
"20","choropleth","bayesian","20","4","2","-28","36"
"20","scatter","linear","6","0","0","25","37"
"20","choropleth","designer","18","1","0","75","38"
"21","choropleth","kmeans","8","1","2","100","0"
"21","heatmap","linear","23","0","1","100","1"
"21","choropleth","bayesian","21","1","1","100","2"
"21","choropleth","bayesian","25","8","8","100","3"
"21","choropleth","engagement","0","8","8","100","4"
"21","scatter","bayesian","10","0","1","100","5"
"21","scatter","engagement","0","8","8","100","6"
"21","heatmap","bayesian","19","6","5","100","7"
"21","choropleth","designer","24","8","8","100","8"
"21","heatmap","engagement","0","8","8","100","9"
"21","heatmap","linear","14","8","8","100","10"
"21","heatmap","designer","14","3","2","100","11"
"21","scatter","kmeans","23","1","1","100","12"
"21","choropleth","designer","6","1","1","100","13"
"21","choropleth","linear","13","4","5","0","14"
"21","choropleth","designer","15","0","0","100","15"
"21","choropleth","kmeans","7","1","1","0","16"
"21","heatmap","kmeans","24","8","8","0","17"
"21","scatter","bayesian","0","8","8","0","18"
"21","heatmap","kmeans","17","6","5","0","19"
"21","heatmap","linear","17","2","4","0","20"
"21","heatmap","designer","18","3","5","0","21"
"21","choropleth","kmeans","3","4","6","0","22"
"21","heatmap","bayesian","2","1","4","0","23"
"21","scatter","designer","26","2","2","0","24"
"21","scatter","designer","7","1","1","0","25"
"21","choropleth","linear","6","7","5","0","26"
"21","heatmap","bayesian","4","2","3","0","27"
"21","scatter","linear","5","1","1","0","28"
"21","scatter","linear","2","0","0","0","29"
"21","scatter","kmeans","19","2","2","0","30"
"21","scatter","bayesian","16","0","0","0","31"
"21","choropleth","bayesian","5","0","0","0","32"
"21","scatter","designer","19","8","8","0","33"
"21","choropleth","linear","7","5","5","0","34"
"21","scatter","kmeans","22","7","6","0","35"
"21","heatmap","kmeans","16","3","4","0","36"
"21","scatter","linear","8","5","5","0","37"
"21","heatmap","designer","9","1","2","0","38"
"22","heatmap","kmeans","17","8","8","0","0"
"22","heatmap","linear","18","4","5","0","1"
"22","heatmap","bayesian","16","7","8","0","2"
"22","choropleth","engagement","0","8","8","14","3"
"22","choropleth","linear","8","4","5","0","4"
"22","scatter","designer","19","8","7","0","5"
"22","heatmap","engagement","0","8","8","0","6"
"22","heatmap","kmeans","4","7","7","0","7"
"22","scatter","engagement","0","8","8","0","8"
"22","heatmap","designer","21","5","5","0","9"
"22","heatmap","bayesian","24","0","1","0","10"
"22","heatmap","designer","26","2","2","0","11"
"22","heatmap","linear","16","4","6","0","12"
"22","scatter","bayesian","20","5","4","0","13"
"22","choropleth","kmeans","15","8","8","21","14"
"22","choropleth","designer","7","7","7","0","15"
"22","choropleth","linear","11","8","8","0","16"
"22","heatmap","bayesian","5","5","8","0","17"
"22","scatter","designer","8","5","3","0","18"
"22","scatter","kmeans","11","6","5","0","19"
"22","scatter","linear","20","2","2","0","20"
"22","scatter","linear","26","0","0","0","21"
"22","heatmap","linear","19","0","0","0","22"
"22","choropleth","linear","9","4","4","0","23"
"22","choropleth","designer","25","4","4","0","24"
"22","scatter","bayesian","12","5","4","0","25"
"22","choropleth","bayesian","25","2","2","-5","26"
"22","heatmap","kmeans","3","8","8","10","27"
"22","choropleth","kmeans","7","7","8","8","28"
"22","choropleth","kmeans","22","7","7","-8","29"
"22","heatmap","designer","24","7","7","-15","30"
"22","choropleth","designer","14","4","4","12","31"
"22","scatter","kmeans","18","7","7","8","32"
"22","scatter","kmeans","21","2","2","-8","33"
"22","choropleth","bayesian","8","4","4","7","34"
"22","choropleth","bayesian","15","5","4","9","35"
"22","scatter","bayesian","26","0","0","0","36"
"22","scatter","linear","15","0","0","11","37"
"22","scatter","designer","4","4","4","9","38"
"23","choropleth","engagement","0","8","8","0","0"
"23","heatmap","bayesian","26","6","6","-53","1"
"23","scatter","bayesian","22","6","6","-39","2"
"23","choropleth","bayesian","25","0","0","0","3"
"23","heatmap","engagement","0","8","8","76","4"
"23","heatmap","designer","7","6","6","15","5"
"23","choropleth","linear","13","2","2","-80","6"
"23","choropleth","bayesian","19","8","8","0","7"
"23","heatmap","linear","17","3","3","-61","8"
"23","scatter","designer","19","5","5","32","9"
"23","scatter","engagement","0","8","8","94","10"
"23","scatter","linear","5","1","1","55","11"
"23","scatter","linear","24","6","6","-32","12"
"23","heatmap","designer","9","0","0","32","13"
"23","choropleth","kmeans","13","0","0","26","14"
"23","heatmap","bayesian","4","7","7","34","15"
"23","choropleth","designer","4","8","8","53","16"
"23","scatter","bayesian","21","6","7","18","17"
"23","heatmap","linear","6","4","5","-100","18"
"23","choropleth","linear","11","2","1","-31","19"
"23","scatter","designer","12","2","2","14","20"
"23","scatter","bayesian","10","8","8","100","21"
"23","choropleth","linear","19","4","4","-11","22"
"23","heatmap","kmeans","17","4","4","-16","23"
"23","heatmap","kmeans","7","5","5","20","24"
"23","scatter","kmeans","15","8","8","13","25"
"23","scatter","kmeans","8","1","1","100","26"
"23","choropleth","bayesian","14","3","3","21","27"
"23","scatter","designer","20","4","4","33","28"
"23","choropleth","kmeans","6","1","1","100","29"
"23","heatmap","kmeans","1","0","0","100","30"
"23","heatmap","designer","21","7","7","100","31"
"23","choropleth","designer","6","4","5","32","32"
"23","scatter","linear","18","2","2","40","33"
"23","scatter","kmeans","22","4","4","27","34"
"23","heatmap","linear","14","3","4","25","35"
"23","heatmap","bayesian","8","1","1","100","36"
"23","choropleth","kmeans","19","3","3","100","37"
"23","choropleth","designer","18","1","1","-36","38"
"24","heatmap","linear","15","7","7","-58","0"
"24","scatter","designer","10","7","6","-64","1"
"24","heatmap","designer","9","5","6","-77","2"
"24","scatter","bayesian","12","6","6","-89","3"
"24","scatter","kmeans","21","1","1","-39","4"
"24","heatmap","engagement","0","8","8","-34","5"
"24","scatter","kmeans","25","1","1","-33","6"
"24","scatter","engagement","0","8","8","-40","7"
"24","scatter","bayesian","19","0","0","18","8"
"24","choropleth","bayesian","13","6","5","-33","9"
"24","scatter","designer","3","4","4","-36","10"
"24","choropleth","kmeans","18","0","0","0","11"
"24","scatter","bayesian","15","8","8","-38","12"
"24","choropleth","designer","22","4","5","0","13"
"24","heatmap","designer","7","1","2","13","14"
"24","choropleth","designer","16","6","7","25","15"
"24","choropleth","designer","5","7","6","30","16"
"24","heatmap","bayesian","17","3","4","-29","17"
"24","heatmap","linear","2","8","7","-82","18"
"24","choropleth","kmeans","24","2","3","-47","19"
"24","heatmap","kmeans","11","8","8","-49","20"
"24","heatmap","kmeans","14","3","4","-56","21"
"24","heatmap","kmeans","6","3","4","38","22"
"24","heatmap","designer","0","7","6","32","23"
"24","choropleth","linear","13","2","4","-61","24"
"24","scatter","designer","25","3","4","-93","25"
"24","choropleth","linear","23","6","7","-83","26"
"24","choropleth","linear","3","7","7","44","27"
"24","scatter","linear","16","2","2","-93","28"
"24","choropleth","kmeans","17","0","1","-76","29"
"24","choropleth","bayesian","4","6","5","-66","30"
"24","heatmap","bayesian","10","5","4","30","31"
"24","heatmap","linear","12","6","6","-52","32"
"24","scatter","linear","4","3","2","-88","33"
"24","scatter","kmeans","5","3","3","-94","34"
"24","choropleth","bayesian","25","8","8","32","35"
"24","choropleth","engagement","0","8","8","88","36"
"24","scatter","linear","26","7","7","-65","37"
"24","heatmap","bayesian","21","5","6","0","38"
"26","heatmap","linear","26","6","5","-7","0"
"26","heatmap","kmeans","9","1","0","22","1"
"26","scatter","designer","7","8","8","0","2"
"26","choropleth","bayesian","1","6","5","0","3"
"26","choropleth","engagement","0","8","8","0","4"
"26","heatmap","linear","2","0","0","0","5"
"26","choropleth","linear","9","1","0","0","6"
"26","choropleth","designer","23","1","0","-51","7"
"26","scatter","kmeans","24","2","1","0","8"
"26","heatmap","designer","21","5","6","0","9"
"26","choropleth","kmeans","10","3","4","0","10"
"26","heatmap","bayesian","18","4","5","-26","11"
"26","scatter","linear","7","4","4","-65","12"
"26","choropleth","linear","19","3","3","19","13"
"26","heatmap","bayesian","9","6","6","10","14"
"26","choropleth","designer","17","7","8","0","15"
"26","scatter","linear","14","3","4","17","16"
"26","choropleth","kmeans","8","5","5","29","17"
"26","choropleth","bayesian","16","2","2","-14","18"
"26","choropleth","designer","24","7","7","0","19"
"26","scatter","engagement","0","8","8","33","20"
"26","choropleth","linear","23","7","7","8","21"
"26","heatmap","bayesian","2","8","8","0","22"
"26","heatmap","designer","22","7","8","0","23"
"26","heatmap","engagement","0","8","8","0","24"
"26","heatmap","kmeans","5","2","2","0","25"
"26","heatmap","linear","17","5","6","-67","26"
"26","scatter","designer","26","7","6","0","27"
"26","scatter","kmeans","14","1","1","42","28"
"26","choropleth","bayesian","10","5","6","63","29"
"26","scatter","bayesian","8","6","5","0","30"
"26","scatter","designer","0","3","2","-60","31"
"26","scatter","linear","21","5","5","28","32"
"26","heatmap","designer","12","7","7","27","33"
"26","choropleth","kmeans","7","4","4","0","34"
"26","scatter","bayesian","11","3","3","15","35"
"26","heatmap","kmeans","20","3","4","-18","36"
"26","scatter","kmeans","23","4","4","-14","37"
"26","scatter","bayesian","24","2","2","-28","38"
"27","choropleth","linear","12","4","5","-22","0"
"27","heatmap","linear","3","5","6","29","1"
"27","scatter","bayesian","26","0","0","43","2"
"27","choropleth","linear","25","5","6","43","3"
"27","scatter","linear","14","7","5","74","4"
"27","choropleth","designer","15","0","0","100","5"
"27","choropleth","kmeans","21","0","0","52","6"
"27","scatter","bayesian","19","8","8","82","7"
"27","scatter","engagement","0","8","8","98","8"
"27","choropleth","kmeans","17","6","7","84","9"
"27","heatmap","designer","4","7","6","79","10"
"27","heatmap","kmeans","22","0","1","-71","11"
"27","scatter","kmeans","26","3","2","89","12"
"27","scatter","designer","16","2","2","65","13"
"27","choropleth","designer","10","8","8","87","14"
"27","choropleth","engagement","0","8","8","37","15"
"27","heatmap","linear","15","6","6","42","16"
"27","heatmap","bayesian","2","8","8","81","17"
"27","choropleth","designer","1","4","5","27","18"
"27","scatter","designer","23","4","4","0","19"
"27","scatter","bayesian","25","2","2","0","20"
"27","heatmap","designer","11","7","8","82","21"
"27","scatter","designer","25","6","7","83","22"
"27","heatmap","kmeans","25","6","5","66","23"
"27","scatter","linear","13","3","3","67","24"
"27","heatmap","bayesian","4","6","6","39","25"
"27","scatter","linear","9","2","1","-52","26"
"27","choropleth","bayesian","17","8","8","-46","27"
"27","heatmap","engagement","0","8","8","-56","28"
"27","heatmap","bayesian","12","6","6","68","29"
"27","scatter","kmeans","20","5","5","-69","30"
"27","heatmap","linear","24","3","4","-64","31"
"27","choropleth","kmeans","4","8","8","50","32"
"27","choropleth","bayesian","8","1","1","65","33"
"27","choropleth","bayesian","22","5","4","-59","34"
"27","heatmap","kmeans","2","2","1","-45","35"
"27","scatter","kmeans","14","6","7","68","36"
"27","choropleth","linear","23","6","6","0","37"
"27","heatmap","designer","20","4","3","49","38"
"28","scatter","linear","8","6","4","-52","0"
"28","heatmap","kmeans","2","7","7","19","1"
"28","choropleth","linear","9","4","4","64","2"
"28","heatmap","designer","20","5","4","16","3"
"28","choropleth","designer","13","0","0","30","4"
"28","choropleth","engagement","0","8","8","33","5"
"28","heatmap","engagement","0","8","8","25","6"
"28","choropleth","linear","23","4","6","-11","7"
"28","scatter","kmeans","0","4","3","-30","8"
"28","scatter","bayesian","24","0","0","17","9"
"28","heatmap","kmeans","22","5","7","26","10"
"28","choropleth","kmeans","26","4","3","16","11"
"28","choropleth","kmeans","16","6","7","22","12"
"28","heatmap","designer","8","5","2","-54","13"
"28","heatmap","linear","10","0","1","37","14"
"28","heatmap","bayesian","21","8","7","65","15"
"28","choropleth","kmeans","24","2","3","16","16"
"28","scatter","bayesian","8","4","3","19","17"
"28","choropleth","bayesian","5","5","5","18","18"
"28","scatter","kmeans","18","1","1","11","19"
"28","heatmap","designer","23","5","6","-43","20"
"28","choropleth","designer","1","7","7","26","21"
"28","scatter","kmeans","15","0","0","18","22"
"28","choropleth","designer","17","3","4","-33","23"
"28","choropleth","bayesian","20","3","4","-93","24"
"28","scatter","engagement","0","8","8","26","25"
"28","choropleth","bayesian","16","1","2","16","26"
"28","scatter","designer","6","1","2","-27","27"
"28","choropleth","linear","26","2","3","21","28"
"28","scatter","designer","7","2","2","14","29"
"28","heatmap","bayesian","13","0","1","-28","30"
"28","scatter","linear","13","6","6","32","31"
"28","heatmap","kmeans","12","8","8","30","32"
"28","heatmap","bayesian","10","8","8","19","33"
"28","heatmap","linear","24","3","4","23","34"
"28","heatmap","linear","12","8","7","29","35"
"28","scatter","designer","5","6","5","-28","36"
"28","scatter","linear","25","4","8","29","37"
"28","scatter","bayesian","2","8","8","42","38"
"30","choropleth","designer","20","1","2","-90","0"
"30","scatter","bayesian","0","7","6","-71","1"
"30","scatter","linear","18","2","2","-78","2"
"30","heatmap","bayesian","8","7","8","-83","3"
"30","heatmap","bayesian","5","8","7","-47","4"
"30","heatmap","kmeans","24","4","7","-59","5"
"30","scatter","linear","15","0","0","-35","6"
"30","heatmap","bayesian","22","4","5","-54","7"
"30","scatter","designer","25","4","6","-45","8"
"30","choropleth","kmeans","0","1","2","-72","9"
"30","heatmap","designer","0","3","4","-57","10"
"30","scatter","designer","5","7","7","-28","11"
"30","scatter","designer","9","1","0","-37","12"
"30","heatmap","linear","14","8","7","-86","13"
"30","choropleth","kmeans","13","3","2","-64","14"
"30","heatmap","linear","2","2","1","-70","15"
"30","scatter","kmeans","8","5","3","-57","16"
"30","choropleth","engagement","0","8","8","-12","17"
"30","scatter","bayesian","3","5","5","-15","18"
"30","heatmap","kmeans","2","2","8","-16","19"
"30","choropleth","kmeans","14","0","0","17","20"
"30","scatter","engagement","0","8","0","0","21"
"30","choropleth","linear","25","6","7","-29","22"
"30","heatmap","designer","12","5","7","-71","23"
"30","scatter","bayesian","18","0","0","0","24"
"30","choropleth","linear","7","2","1","-70","25"
"30","choropleth","bayesian","12","7","8","-41","26"
"30","choropleth","linear","21","6","7","-37","27"
"30","choropleth","bayesian","17","4","3","-39","28"
"30","scatter","linear","10","2","3","-49","29"
"30","heatmap","designer","26","4","5","-46","30"
"30","scatter","kmeans","16","1","1","14","31"
"30","heatmap","kmeans","20","4","4","0","32"
"30","choropleth","bayesian","13","3","3","-28","33"
"30","choropleth","designer","16","8","8","10","34"
"30","choropleth","designer","11","5","8","-14","35"
"30","heatmap","linear","20","4","5","-39","36"
"30","heatmap","engagement","0","8","8","62","37"
"30","scatter","kmeans","26","0","0","39","38"
"33","heatmap","linear","4","1","8","100","0"
"33","choropleth","bayesian","26","3","5","48","1"
"33","heatmap","bayesian","14","0","1","100","2"
"33","scatter","designer","10","5","7","100","3"
"33","heatmap","designer","4","1","8","100","4"
"33","scatter","designer","26","3","7","100","5"
"33","heatmap","kmeans","23","7","6","-38","6"
"33","scatter","bayesian","9","2","8","100","7"
"33","choropleth","designer","23","4","8","100","8"
"33","scatter","kmeans","8","3","6","100","9"
"33","heatmap","designer","24","2","6","59","10"
"33","heatmap","bayesian","23","4","8","100","11"
"33","scatter","kmeans","15","3","6","100","12"
"33","choropleth","linear","10","4","3","100","13"
"33","heatmap","designer","0","0","5","80","14"
"33","choropleth","kmeans","1","0","6","100","15"
"33","scatter","bayesian","21","0","5","100","16"
"33","choropleth","linear","19","5","6","91","17"
"33","choropleth","kmeans","6","7","6","100","18"
"33","choropleth","bayesian","8","7","8","-41","19"
"33","heatmap","kmeans","17","3","6","-36","20"
"33","choropleth","linear","8","6","5","100","21"
"33","scatter","kmeans","4","7","1","-17","22"
"33","choropleth","engagement","0","8","3","100","23"
"33","heatmap","bayesian","20","7","5","17","24"
"33","choropleth","kmeans","14","6","5","-18","25"
"33","heatmap","kmeans","21","3","6","100","26"
"33","choropleth","designer","16","8","2","100","27"
"33","heatmap","engagement","0","8","2","100","28"
"33","scatter","linear","20","7","6","100","29"
"33","scatter","bayesian","5","8","8","100","30"
"33","scatter","designer","13","5","5","100","31"
"33","scatter","linear","21","6","8","100","32"
"33","heatmap","linear","13","6","0","58","33"
"33","choropleth","bayesian","0","5","6","-24","34"
"33","choropleth","designer","3","0","5","-53","35"
"33","scatter","linear","14","3","8","70","36"
"33","heatmap","linear","5","5","8","100","37"
"33","scatter","engagement","0","8","3","100","38"
"34","choropleth","designer","9","4","3","-100","0"
"34","scatter","kmeans","18","8","8","-9","1"
"34","scatter","designer","26","4","4","-29","2"
"34","scatter","engagement","0","8","8","-100","3"
"34","scatter","linear","9","1","1","-27","4"
"34","heatmap","designer","22","5","5","-100","5"
"34","heatmap","linear","10","4","5","-100","6"
"34","scatter","linear","26","0","0","0","7"
"34","heatmap","designer","1","1","3","-12","8"
"34","heatmap","engagement","0","8","8","-69","9"
"34","heatmap","bayesian","2","0","1","-7","10"
"34","scatter","bayesian","23","2","2","-29","11"
"34","scatter","designer","13","8","8","16","12"
"34","choropleth","bayesian","10","1","1","-61","13"
"34","heatmap","kmeans","17","6","5","-79","14"
"34","scatter","designer","19","6","5","-62","15"
"34","choropleth","designer","6","5","6","-100","16"
"34","choropleth","kmeans","10","5","5","-62","17"
"34","choropleth","linear","3","6","5","-69","18"
"34","scatter","bayesian","6","0","1","-38","19"
"34","scatter","linear","16","8","8","-100","20"
"34","choropleth","engagement","0","8","8","17","21"
"34","scatter","kmeans","2","1","2","-52","22"
"34","heatmap","kmeans","21","2","3","-100","23"
"34","heatmap","linear","17","6","5","-44","24"
"34","heatmap","linear","7","1","2","-54","25"
"34","heatmap","bayesian","19","1","2","-50","26"
"34","choropleth","designer","15","8","8","-59","27"
"34","heatmap","designer","24","7","6","-46","28"
"34","choropleth","bayesian","12","1","1","-64","29"
"34","scatter","kmeans","12","0","0","0","30"
"34","choropleth","linear","4","6","5","-66","31"
"34","choropleth","bayesian","0","7","8","-100","32"
"34","scatter","bayesian","22","5","4","-54","33"
"34","choropleth","linear","14","0","1","-78","34"
"34","choropleth","kmeans","6","5","6","-83","35"
"34","heatmap","bayesian","4","1","2","-38","36"
"34","heatmap","kmeans","13","5","4","-51","37"
"34","choropleth","kmeans","26","5","6","-61","38"
"35","heatmap","designer","14","3","2","0","0"
"35","heatmap","designer","3","3","2","0","1"
"35","scatter","kmeans","10","2","2","0","2"
"35","scatter","designer","23","3","2","0","3"
"35","heatmap","kmeans","14","5","6","0","4"
"35","heatmap","kmeans","16","3","2","0","5"
"35","choropleth","kmeans","15","0","0","0","6"
"35","heatmap","bayesian","7","1","2","0","7"
"35","scatter","designer","16","7","7","0","8"
"35","heatmap","engagement","0","8","8","0","9"
"35","choropleth","bayesian","2","1","1","0","10"
"35","scatter","linear","24","4","3","0","11"
"35","heatmap","kmeans","20","5","6","0","12"
"35","choropleth","engagement","0","8","8","0","13"
"35","choropleth","designer","13","3","3","0","14"
"35","choropleth","bayesian","21","0","1","0","15"
"35","heatmap","linear","8","7","6","0","16"
"35","choropleth","designer","11","1","1","0","17"
"35","heatmap","bayesian","13","4","3","0","18"
"35","scatter","designer","6","6","5","0","19"
"35","choropleth","designer","19","3","4","0","20"
"35","choropleth","kmeans","2","2","3","0","21"
"35","scatter","engagement","0","8","8","0","22"
"35","scatter","bayesian","11","1","1","0","23"
"35","heatmap","bayesian","12","6","5","0","24"
"35","choropleth","linear","6","5","4","0","25"
"35","choropleth","linear","20","3","4","0","26"
"35","scatter","kmeans","22","2","2","0","27"
"35","heatmap","linear","3","5","5","0","28"
"35","scatter","linear","19","4","3","0","29"
"35","scatter","bayesian","15","8","8","0","30"
"35","choropleth","bayesian","16","0","0","0","31"
"35","scatter","kmeans","6","5","0","0","32"
"35","heatmap","linear","22","8","7","0","33"
"35","choropleth","linear","17","2","3","0","34"
"35","choropleth","kmeans","7","0","1","0","35"
"35","scatter","bayesian","5","5","5","0","36"
"35","heatmap","designer","20","8","8","0","37"
"35","scatter","linear","0","3","3","0","38"
"37","choropleth","designer","2","7","7","24","0"
"37","choropleth","kmeans","4","6","6","-80","1"
"37","heatmap","linear","15","6","6","-14","2"
"37","choropleth","engagement","0","8","8","29","3"
"37","choropleth","linear","10","0","1","0","4"
"37","heatmap","kmeans","22","5","4","6","5"
"37","scatter","linear","16","0","0","-70","6"
"37","heatmap","designer","14","0","1","37","7"
"37","scatter","designer","5","1","1","-81","8"
"37","heatmap","linear","26","6","5","10","9"
"37","scatter","designer","9","1","3","-85","10"
"37","heatmap","bayesian","11","1","2","53","11"
"37","choropleth","kmeans","2","1","2","-74","12"
"37","heatmap","designer","24","1","1","-94","13"
"37","scatter","engagement","0","8","8","-23","14"
"37","choropleth","bayesian","4","4","3","-83","15"
"37","choropleth","linear","2","0","1","90","16"
"37","choropleth","designer","16","5","5","-1","17"
"37","scatter","bayesian","9","4","5","5","18"
"37","scatter","designer","6","6","5","19","19"
"37","scatter","linear","8","6","3","-85","20"
"37","scatter","bayesian","3","2","3","8","21"
"37","scatter","kmeans","10","8","8","40","22"
"37","heatmap","engagement","0","8","8","-91","23"
"37","heatmap","bayesian","24","6","6","-98","24"
"37","choropleth","bayesian","21","7","7","82","25"
"37","heatmap","bayesian","14","1","0","14","26"
"37","choropleth","linear","18","6","6","-21","27"
"37","scatter","kmeans","8","1","1","13","28"
"37","scatter","bayesian","0","6","6","-56","29"
"37","choropleth","bayesian","23","4","5","10","30"
"37","scatter","kmeans","13","1","1","0","31"
"37","heatmap","linear","14","0","0","-100","32"
"37","heatmap","kmeans","21","1","2","-62","33"
"37","heatmap","designer","7","3","4","-70","34"
"37","choropleth","designer","17","3","4","18","35"
"37","scatter","linear","22","8","8","-50","36"
"37","choropleth","kmeans","9","1","1","55","37"
"37","heatmap","kmeans","6","2","3","65","38"
"38","heatmap","bayesian","7","4","5","-37","0"
"38","heatmap","designer","15","6","6","56","1"
"38","heatmap","bayesian","26","1","1","-17","2"
"38","heatmap","linear","9","7","7","28","3"
"38","choropleth","bayesian","15","2","2","1","4"
"38","choropleth","designer","8","4","4","-21","5"
"38","choropleth","engagement","0","8","8","30","6"
"38","heatmap","designer","12","0","0","-7","7"
"38","choropleth","linear","7","6","6","8","8"
"38","heatmap","linear","2","8","8","17","9"
"38","scatter","engagement","0","8","8","9","10"
"38","scatter","kmeans","6","8","8","14","11"
"38","choropleth","bayesian","12","7","7","46","12"
"38","choropleth","linear","0","3","3","-58","13"
"38","scatter","bayesian","0","7","5","63","14"
"38","choropleth","kmeans","8","5","5","9","15"
"38","heatmap","kmeans","5","1","1","16","16"
"38","scatter","kmeans","14","7","7","12","17"
"38","scatter","designer","14","6","7","28","18"
"38","choropleth","designer","9","8","8","-63","19"
"38","choropleth","linear","4","4","4","37","20"
"38","heatmap","bayesian","14","6","5","58","21"
"38","heatmap","linear","14","1","1","-40","22"
"38","choropleth","kmeans","18","3","3","13","23"
"38","scatter","bayesian","25","6","5","63","24"
"38","heatmap","kmeans","0","1","1","11","25"
"38","scatter","linear","1","2","1","62","26"
"38","scatter","linear","23","1","1","55","27"
"38","choropleth","designer","2","6","6","52","28"
"38","scatter","kmeans","7","7","7","25","29"
"38","heatmap","designer","25","8","8","25","30"
"38","choropleth","bayesian","6","1","2","-18","31"
"38","heatmap","kmeans","21","0","0","20","32"
"38","scatter","linear","24","6","4","-8","33"
"38","scatter","designer","19","1","2","38","34"
"38","scatter","bayesian","4","7","7","-42","35"
"38","scatter","designer","23","1","1","35","36"
"38","choropleth","kmeans","24","3","3","11","37"
"38","heatmap","engagement","0","8","8","11","38"
"39","heatmap","engagement","0","8","8","47","0"
"39","choropleth","bayesian","11","8","8","70","1"
"39","heatmap","linear","2","2","2","-73","2"
"39","choropleth","kmeans","0","2","2","33","3"
"39","choropleth","designer","2","0","0","77","4"
"39","scatter","designer","22","6","6","64","5"
"39","choropleth","linear","24","0","0","-78","6"
"39","scatter","kmeans","26","7","7","84","7"
"39","choropleth","linear","7","3","1","63","8"
"39","choropleth","kmeans","1","0","0","17","9"
"39","heatmap","designer","7","3","4","-25","10"
"39","heatmap","bayesian","19","8","8","37","11"
"39","heatmap","designer","8","8","8","-81","12"
"39","choropleth","bayesian","2","8","8","23","13"
"39","scatter","engagement","0","8","8","24","14"
"39","choropleth","bayesian","25","1","1","29","15"
"39","scatter","designer","9","3","3","32","16"
"39","choropleth","engagement","0","8","8","14","17"
"39","heatmap","designer","6","2","3","-24","18"
"39","scatter","kmeans","22","2","2","-18","19"
"39","choropleth","kmeans","6","4","4","-73","20"
"39","scatter","bayesian","18","3","3","-82","21"
"39","scatter","kmeans","19","5","5","65","22"
"39","heatmap","linear","0","0","1","-58","23"
"39","choropleth","designer","16","6","7","31","24"
"39","heatmap","kmeans","3","7","6","-22","25"
"39","scatter","linear","21","7","7","64","26"
"39","heatmap","bayesian","21","3","3","-29","27"
"39","heatmap","linear","20","4","5","-90","28"
"39","heatmap","bayesian","3","3","4","-57","29"
"39","choropleth","linear","8","5","6","-82","30"
"39","scatter","linear","18","3","3","-64","31"
"39","scatter","designer","23","6","6","-34","32"
"39","choropleth","designer","10","4","5","42","33"
"39","scatter","bayesian","12","1","1","35","34"
"39","scatter","linear","14","0","0","-27","35"
"39","scatter","bayesian","10","2","2","-12","36"
"39","heatmap","kmeans","16","7","7","20","37"
"39","heatmap","kmeans","24","6","6","-8","38"
"42","heatmap","designer","13","8","8","-23","0"
"42","heatmap","linear","23","2","1","-26","1"
"42","heatmap","designer","12","7","6","0","2"
"42","heatmap","designer","11","7","6","-13","3"
"42","choropleth","kmeans","18","4","5","20","4"
"42","scatter","engagement","0","8","8","38","5"
"42","choropleth","kmeans","10","4","4","13","6"
"42","heatmap","kmeans","26","8","7","13","7"
"42","heatmap","bayesian","3","7","8","-13","8"
"42","choropleth","engagement","0","8","8","21","9"
"42","heatmap","kmeans","19","8","8","-24","10"
"42","heatmap","engagement","0","8","8","-20","11"
"42","scatter","designer","1","7","6","13","12"
"42","choropleth","bayesian","10","5","6","25","13"
"42","choropleth","designer","15","7","7","9","14"
"42","scatter","bayesian","9","1","0","45","15"
"42","heatmap","linear","9","5","6","13","16"
"42","choropleth","kmeans","4","2","1","33","17"
"42","scatter","bayesian","7","6","6","13","18"
"42","choropleth","linear","0","0","0","43","19"
"42","choropleth","bayesian","2","3","2","47","20"
"42","heatmap","bayesian","17","2","2","-21","21"
"42","choropleth","designer","19","6","5","22","22"
"42","scatter","linear","8","4","4","-72","23"
"42","scatter","kmeans","17","2","2","45","24"
"42","scatter","bayesian","13","3","3","37","25"
"42","choropleth","designer","23","0","0","39","26"
"42","scatter","linear","17","4","4","32","27"
"42","heatmap","linear","26","4","6","-32","28"
"42","heatmap","bayesian","16","4","3","-16","29"
"42","scatter","designer","20","7","6","24","30"
"42","scatter","linear","7","4","3","-41","31"
"42","choropleth","bayesian","24","0","0","31","32"
"42","scatter","kmeans","9","6","6","36","33"
"42","scatter","kmeans","2","8","8","23","34"
"42","choropleth","linear","5","8","7","-68","35"
"42","choropleth","linear","20","3","4","35","36"
"42","scatter","designer","3","5","7","-27","37"
"42","heatmap","kmeans","15","8","8","25","38"
"43","choropleth","engagement","0","8","8","57","0"
"43","heatmap","kmeans","18","1","1","10","1"
"43","heatmap","bayesian","0","5","5","32","2"
"43","choropleth","designer","5","8","7","-26","3"
"43","heatmap","kmeans","26","4","4","-15","4"
"43","scatter","engagement","0","8","8","-100","5"
"43","heatmap","designer","24","8","8","-75","6"
"43","scatter","designer","12","5","4","35","7"
"43","heatmap","linear","17","8","8","0","8"
"43","choropleth","bayesian","25","8","8","-57","9"
"43","heatmap","engagement","0","8","8","7","10"
"43","heatmap","designer","8","5","4","0","11"
"43","choropleth","kmeans","19","2","2","64","12"
"43","heatmap","linear","24","1","1","38","13"
"43","scatter","kmeans","9","8","8","-20","14"
"43","heatmap","designer","1","4","4","25","15"
"43","choropleth","linear","0","4","4","31","16"
"43","choropleth","linear","9","3","4","83","17"
"43","scatter","designer","25","3","3","-73","18"
"43","choropleth","kmeans","13","1","2","13","19"
"43","scatter","bayesian","20","5","4","33","20"
"43","heatmap","bayesian","8","0","1","-20","21"
"43","scatter","linear","18","7","6","100","22"
"43","choropleth","bayesian","23","3","4","54","23"
"43","choropleth","kmeans","1","8","8","32","24"
"43","scatter","designer","9","3","3","15","25"
"43","scatter","bayesian","13","4","4","-31","26"
"43","scatter","kmeans","6","8","8","-83","27"
"43","scatter","linear","10","1","1","-68","28"
"43","heatmap","kmeans","10","3","3","13","29"
"43","scatter","linear","12","0","0","63","30"
"43","scatter","bayesian","3","7","7","-37","31"
"43","choropleth","designer","13","2","2","100","32"
"43","choropleth","bayesian","22","1","1","-30","33"
"43","choropleth","designer","7","7","7","-100","34"
"43","choropleth","linear","5","0","0","57","35"
"43","heatmap","linear","16","5","6","-3","36"
"43","scatter","kmeans","3","7","7","-35","37"
"43","heatmap","bayesian","6","5","5","9","38"
"44","scatter","linear","24","5","5","5","0"
"44","heatmap","engagement","0","8","8","4","1"
"44","heatmap","linear","20","4","6","-3","2"
"44","scatter","designer","4","4","3","-12","3"
"44","heatmap","designer","21","8","8","-3","4"
"44","heatmap","bayesian","23","4","3","1","5"
"44","heatmap","kmeans","4","1","2","8","6"
"44","choropleth","designer","11","2","2","3","7"
"44","scatter","kmeans","19","4","4","7","8"
"44","scatter","engagement","0","8","8","4","9"
"44","heatmap","kmeans","16","8","7","-60","10"
"44","heatmap","bayesian","25","6","5","-4","11"
"44","choropleth","kmeans","12","5","4","-45","12"
"44","choropleth","kmeans","10","5","5","5","13"
"44","choropleth","designer","9","4","3","-25","14"
"44","scatter","linear","8","3","3","-85","15"
"44","choropleth","bayesian","7","3","4","-19","16"
"44","choropleth","engagement","0","8","8","-17","17"
"44","choropleth","designer","2","8","8","13","18"
"44","choropleth","bayesian","5","1","2","-5","19"
"44","choropleth","linear","9","4","3","7","20"
"44","heatmap","bayesian","24","5","5","1","21"
"44","heatmap","kmeans","8","0","0","1","22"
"44","heatmap","linear","11","3","4","1","23"
"44","choropleth","kmeans","7","3","5","1","24"
"44","choropleth","bayesian","10","2","3","-12","25"
"44","heatmap","designer","8","5","4","-82","26"
"44","scatter","kmeans","5","5","5","-29","27"
"44","scatter","designer","7","0","0","-57","28"
"44","scatter","kmeans","11","8","8","-17","29"
"44","choropleth","linear","13","8","8","-1","30"
"44","scatter","bayesian","26","1","2","19","31"
"44","scatter","designer","6","0","0","5","32"
"44","choropleth","linear","6","1","0","-85","33"
"44","scatter","bayesian","13","8","8","16","34"
"44","scatter","linear","14","8","8","16","35"
"44","scatter","bayesian","21","7","7","2","36"
"44","heatmap","linear","16","6","5","-46","37"
"44","heatmap","designer","24","4","4","-39","38"
"45","choropleth","bayesian","13","1","2","34","0"
"45","choropleth","linear","26","0","0","27","1"
"45","scatter","kmeans","8","2","2","26","2"
"45","scatter","kmeans","18","8","8","53","3"
"45","heatmap","designer","17","8","7","41","4"
"45","choropleth","bayesian","17","8","8","14","5"
"45","choropleth","designer","1","2","3","21","6"
"45","scatter","bayesian","6","0","0","-68","7"
"45","heatmap","kmeans","6","7","6","-18","8"
"45","heatmap","linear","25","1","2","25","9"
"45","heatmap","bayesian","25","2","3","-15","10"
"45","choropleth","kmeans","19","6","7","23","11"
"45","scatter","bayesian","18","2","2","46","12"
"45","heatmap","bayesian","2","2","3","-16","13"
"45","scatter","designer","21","3","3","28","14"
"45","heatmap","bayesian","10","6","5","31","15"
"45","choropleth","bayesian","22","8","8","-48","16"
"45","choropleth","designer","4","1","1","-17","17"
"45","choropleth","kmeans","17","4","5","32","18"
"45","scatter","designer","15","5","4","39","19"
"45","choropleth","engagement","0","8","8","34","20"
"45","scatter","engagement","0","8","8","28","21"
"45","heatmap","designer","19","2","1","18","22"
"45","choropleth","linear","10","4","4","-46","23"
"45","scatter","linear","11","7","7","32","24"
"45","scatter","bayesian","5","5","5","23","25"
"45","scatter","linear","8","8","7","-81","26"
"45","choropleth","designer","2","8","8","34","27"
"45","heatmap","engagement","0","8","8","18","28"
"45","heatmap","kmeans","20","8","8","-43","29"
"45","choropleth","linear","17","6","8","24","30"
"45","heatmap","linear","4","4","4","-18","31"
"45","heatmap","kmeans","22","0","1","-65","32"
"45","heatmap","linear","16","0","1","-78","33"
"45","heatmap","designer","8","6","7","33","34"
"45","choropleth","kmeans","11","6","5","-57","35"
"45","scatter","kmeans","4","7","7","-62","36"
"45","scatter","linear","13","1","1","-64","37"
"45","scatter","designer","7","8","8","53","38"
"46","scatter","kmeans","7","4","4","-53","0"
"46","heatmap","engagement","0","8","8","-22","1"
"46","scatter","linear","8","1","1","-79","2"
"46","scatter","engagement","0","8","8","5","3"
"46","heatmap","designer","17","4","5","25","4"
"46","heatmap","designer","8","3","4","-65","5"
"46","choropleth","kmeans","22","8","8","-17","6"
"46","heatmap","bayesian","15","2","1","-19","7"
"46","scatter","linear","5","4","4","-61","8"
"46","choropleth","kmeans","8","2","3","13","9"
"46","scatter","bayesian","1","0","0","0","10"
"46","choropleth","bayesian","4","6","5","-35","11"
"46","choropleth","bayesian","25","6","7","4","12"
"46","scatter","designer","16","4","6","-17","13"
"46","heatmap","designer","13","5","5","-70","14"
"46","heatmap","kmeans","16","5","6","29","15"
"46","scatter","designer","20","0","0","-18","16"
"46","choropleth","linear","12","5","4","22","17"
"46","scatter","designer","9","5","5","-84","18"
"46","choropleth","linear","6","8","8","23","19"
"46","scatter","bayesian","2","2","3","0","20"
"46","heatmap","kmeans","15","8","8","47","21"
"46","choropleth","designer","7","0","0","11","22"
"46","heatmap","bayesian","24","0","0","-30","23"
"46","scatter","linear","16","4","3","28","24"
"46","heatmap","linear","4","7","6","43","25"
"46","choropleth","designer","0","0","0","-43","26"
"46","choropleth","bayesian","14","1","1","67","27"
"46","choropleth","linear","1","5","6","19","28"
"46","scatter","kmeans","10","0","0","-29","29"
"46","scatter","kmeans","23","7","6","45","30"
"46","choropleth","kmeans","14","7","6","6","31"
"46","scatter","bayesian","8","3","3","-18","32"
"46","choropleth","designer","2","4","5","-14","33"
"46","heatmap","bayesian","26","8","8","-32","34"
"46","heatmap","linear","10","8","8","27","35"
"46","heatmap","kmeans","3","6","8","65","36"
"46","choropleth","engagement","0","8","8","21","37"
"46","heatmap","linear","24","3","3","5","38"
"47","choropleth","designer","11","4","5","0","0"
"47","scatter","engagement","0","8","8","0","1"
"47","scatter","kmeans","24","2","2","0","2"
"47","heatmap","linear","2","2","3","-100","3"
"47","choropleth","linear","8","6","4","77","4"
"47","scatter","bayesian","8","3","3","0","5"
"47","choropleth","designer","10","7","6","25","6"
"47","choropleth","kmeans","21","8","8","45","7"
"47","scatter","bayesian","3","8","8","100","8"
"47","heatmap","kmeans","18","8","8","0","9"
"47","choropleth","linear","15","2","3","0","10"
"47","scatter","kmeans","0","4","4","0","11"
"47","scatter","bayesian","24","8","8","0","12"
"47","scatter","kmeans","10","5","5","0","13"
"47","scatter","designer","0","8","8","0","14"
"47","heatmap","bayesian","26","0","1","-100","15"
"47","heatmap","kmeans","14","8","8","45","16"
"47","choropleth","designer","2","7","6","0","17"
"47","choropleth","linear","10","7","6","0","18"
"47","heatmap","linear","13","8","7","0","19"
"47","heatmap","designer","26","0","0","-100","20"
"47","scatter","linear","19","1","2","0","21"
"47","heatmap","bayesian","7","0","0","0","22"
"47","scatter","designer","9","1","0","0","23"
"47","heatmap","kmeans","7","0","0","0","24"
"47","scatter","linear","14","3","2","0","25"
"47","heatmap","designer","20","2","2","-100","26"
"47","heatmap","engagement","0","8","8","100","27"
"47","choropleth","bayesian","1","8","8","0","28"
"47","heatmap","linear","6","8","8","0","29"
"47","scatter","linear","1","8","8","0","30"
"47","choropleth","kmeans","22","8","7","0","31"
"47","heatmap","designer","17","0","0","0","32"
"47","scatter","designer","6","6","5","0","33"
"47","choropleth","bayesian","0","5","5","0","34"
"47","choropleth","engagement","0","8","8","0","35"
"47","choropleth","bayesian","21","5","5","0","36"
"47","choropleth","kmeans","8","0","0","0","37"
"47","heatmap","bayesian","9","0","0","0","38"
"47","choropleth","designer","11","4","5","0","0"
"47","scatter","engagement","0","8","8","0","1"
"47","scatter","kmeans","24","2","2","0","2"
"47","heatmap","linear","2","2","3","-100","3"
"47","choropleth","linear","8","6","4","77","4"
"47","scatter","bayesian","8","3","3","0","5"
"47","choropleth","designer","10","7","6","25","6"
"47","choropleth","kmeans","21","8","8","45","7"
"47","scatter","bayesian","3","8","8","100","8"
"47","heatmap","kmeans","18","8","8","0","9"
"47","choropleth","linear","15","2","3","0","10"
"47","scatter","kmeans","0","4","4","0","11"
"47","scatter","bayesian","24","8","8","0","12"
"47","scatter","kmeans","10","5","5","0","13"
"47","scatter","designer","0","8","8","0","14"
"47","heatmap","bayesian","26","0","1","-100","15"
"47","heatmap","kmeans","14","8","8","45","16"
"47","choropleth","designer","2","7","6","0","17"
"47","choropleth","linear","10","7","6","0","18"
"47","heatmap","linear","13","8","7","0","19"
"47","heatmap","designer","26","0","0","-100","20"
"47","scatter","linear","19","1","2","0","21"
"47","heatmap","bayesian","7","0","0","0","22"
"47","scatter","designer","9","1","0","0","23"
"47","heatmap","kmeans","7","0","0","0","24"
"47","scatter","linear","14","3","2","0","25"
"47","heatmap","designer","20","2","2","-100","26"
"47","heatmap","engagement","0","8","8","100","27"
"47","choropleth","bayesian","1","8","8","0","28"
"47","heatmap","linear","6","8","8","0","29"
"47","scatter","linear","1","8","8","0","30"
"47","choropleth","kmeans","22","8","7","0","31"
"47","heatmap","designer","17","0","0","0","32"
"47","scatter","designer","6","6","5","0","33"
"47","choropleth","bayesian","0","5","5","0","34"
"47","choropleth","engagement","0","8","8","0","35"
"47","choropleth","bayesian","21","5","5","0","36"
"47","choropleth","kmeans","8","0","0","0","37"
"47","heatmap","bayesian","9","0","0","0","38"
"49","scatter","bayesian","25","7","7","28","0"
"49","heatmap","linear","4","3","5","73","1"
"49","choropleth","kmeans","16","7","7","36","2"
"49","heatmap","bayesian","15","5","6","-75","3"
"49","choropleth","linear","17","0","0","-34","4"
"49","scatter","linear","15","7","6","-55","5"
"49","choropleth","designer","1","5","6","-51","6"
"49","choropleth","kmeans","2","1","2","-100","7"
"49","heatmap","kmeans","26","4","5","-47","8"
"49","scatter","linear","13","5","3","-100","9"
"49","choropleth","engagement","0","8","8","24","10"
"49","heatmap","linear","11","5","5","56","11"
"49","heatmap","bayesian","6","0","0","-100","12"
"49","choropleth","bayesian","26","3","4","-100","13"
"49","scatter","kmeans","25","5","5","58","14"
"49","scatter","designer","19","2","3","-19","15"
"49","scatter","linear","10","2","2","29","16"
"49","heatmap","bayesian","21","8","8","78","17"
"49","scatter","designer","20","0","0","98","18"
"49","scatter","designer","25","1","1","17","19"
"49","scatter","bayesian","19","1","1","-36","20"
"49","choropleth","linear","12","1","1","-25","21"
"49","scatter","kmeans","15","2","2","-69","22"
"49","choropleth","kmeans","20","3","3","-100","23"
"49","choropleth","designer","22","7","7","71","24"
"49","choropleth","designer","6","3","3","-61","25"
"49","heatmap","linear","22","3","4","-94","26"
"49","scatter","engagement","0","8","8","85","27"
"49","scatter","bayesian","11","5","5","16","28"
"49","heatmap","kmeans","24","6","7","61","29"
"49","heatmap","kmeans","6","7","7","63","30"
"49","choropleth","linear","20","1","2","-34","31"
"49","heatmap","designer","18","5","6","-71","32"
"49","choropleth","bayesian","22","2","2","-71","33"
"49","scatter","kmeans","23","0","0","46","34"
"49","choropleth","bayesian","4","0","1","-100","35"
"49","heatmap","designer","15","1","1","75","36"
"49","heatmap","engagement","0","8","8","-50","37"
"49","heatmap","designer","9","8","8","36","38"
"50","choropleth","designer","9","4","4","75","0"
"50","scatter","designer","23","6","6","100","1"
"50","choropleth","designer","8","1","2","100","2"
"50","choropleth","linear","1","2","3","87","3"
"50","heatmap","kmeans","17","3","3","100","4"
"50","heatmap","designer","3","3","3","100","5"
"50","scatter","kmeans","26","8","8","100","6"
"50","scatter","linear","10","5","4","100","7"
"50","heatmap","bayesian","16","5","5","100","8"
"50","heatmap","designer","2","8","8","100","9"
"50","choropleth","designer","14","7","7","100","10"
"50","heatmap","engagement","0","8","8","100","11"
"50","heatmap","bayesian","9","0","0","74","12"
"50","choropleth","bayesian","24","7","7","0","13"
"50","scatter","linear","5","7","6","51","14"
"50","scatter","kmeans","4","5","5","87","15"
"50","scatter","bayesian","7","3","3","100","16"
"50","heatmap","linear","2","3","3","100","17"
"50","scatter","designer","6","3","2","100","18"
"50","heatmap","kmeans","25","8","8","62","19"
"50","scatter","linear","18","1","1","100","20"
"50","choropleth","kmeans","24","6","6","100","21"
"50","choropleth","bayesian","22","0","0","100","22"
"50","heatmap","kmeans","11","8","8","100","23"
"50","choropleth","kmeans","22","8","8","100","24"
"50","scatter","kmeans","23","7","7","-7","25"
"50","scatter","designer","22","4","2","100","26"
"50","choropleth","kmeans","14","7","7","-4","27"
"50","choropleth","engagement","0","8","8","-5","28"
"50","heatmap","linear","19","3","2","100","29"
"50","choropleth","bayesian","1","7","7","7","30"
"50","heatmap","designer","21","3","3","19","31"
"50","scatter","engagement","0","8","8","-100","32"
"50","choropleth","linear","8","2","3","100","33"
"50","choropleth","linear","24","7","7","59","34"
"50","heatmap","linear","16","2","3","100","35"
"50","heatmap","bayesian","3","5","5","-100","36"
"50","scatter","bayesian","11","1","1","-26","37"
"50","scatter","bayesian","17","0","0","100","38"
"52","choropleth","kmeans","5","1","0","0","0"
"52","scatter","linear","25","6","6","0","1"
"52","choropleth","kmeans","4","7","5","0","2"
"52","heatmap","bayesian","16","7","7","0","3"
"52","scatter","linear","3","5","4","0","4"
"52","choropleth","designer","7","3","4","0","5"
"52","choropleth","bayesian","5","1","2","0","6"
"52","choropleth","linear","9","2","3","0","7"
"52","heatmap","kmeans","24","8","8","0","8"
"52","choropleth","designer","22","2","1","0","9"
"52","choropleth","designer","24","6","5","0","10"
"52","heatmap","linear","1","4","5","0","11"
"52","heatmap","kmeans","22","6","4","0","12"
"52","heatmap","kmeans","21","0","0","0","13"
"52","scatter","bayesian","10","5","3","0","14"
"52","choropleth","linear","22","1","3","0","15"
"52","choropleth","bayesian","23","2","3","0","16"
"52","scatter","kmeans","15","7","5","0","17"
"52","choropleth","engagement","0","8","8","0","18"
"52","scatter","kmeans","2","7","5","0","19"
"52","scatter","bayesian","9","6","6","0","20"
"52","scatter","designer","14","2","3","0","21"
"52","scatter","bayesian","19","6","6","0","22"
"52","heatmap","bayesian","8","5","6","0","23"
"52","choropleth","linear","18","2","3","0","24"
"52","heatmap","designer","10","4","5","0","25"
"52","heatmap","linear","2","4","5","0","26"
"52","choropleth","kmeans","18","1","1","0","27"
"52","heatmap","designer","17","6","5","0","28"
"52","heatmap","bayesian","1","0","0","0","29"
"52","scatter","engagement","0","8","8","0","30"
"52","heatmap","designer","21","4","4","0","31"
"52","heatmap","engagement","0","8","8","0","32"
"52","scatter","linear","15","1","3","0","33"
"52","choropleth","bayesian","7","8","8","0","34"
"52","heatmap","linear","21","2","3","0","35"
"52","scatter","designer","20","3","3","0","36"
"52","scatter","designer","1","5","3","0","37"
"52","scatter","kmeans","10","0","0","0","38"
"53","choropleth","bayesian","12","4","5","0","0"
"53","choropleth","designer","1","4","5","0","1"
"53","choropleth","engagement","0","8","8","0","2"
"53","scatter","bayesian","0","4","3","0","3"
"53","heatmap","bayesian","8","4","4","0","4"
"53","heatmap","kmeans","17","2","3","0","5"
"53","heatmap","linear","3","4","5","0","6"
"53","heatmap","designer","24","0","0","0","7"
"53","scatter","linear","1","8","8","0","8"
"53","heatmap","linear","25","3","4","0","9"
"53","choropleth","bayesian","6","8","7","0","10"
"53","choropleth","kmeans","18","0","0","0","11"
"53","scatter","bayesian","7","2","2","0","12"
"53","heatmap","bayesian","3","8","7","0","13"
"53","scatter","designer","21","3","2","0","14"
"53","choropleth","linear","22","2","3","0","15"
"53","scatter","kmeans","7","7","6","0","16"
"53","heatmap","designer","7","8","8","0","17"
"53","heatmap","linear","21","4","5","0","18"
"53","choropleth","kmeans","4","1","2","0","19"
"53","heatmap","kmeans","6","7","7","0","20"
"53","scatter","kmeans","20","8","7","0","21"
"53","scatter","designer","0","8","8","0","22"
"53","scatter","linear","26","0","0","0","23"
"53","choropleth","kmeans","26","1","2","0","24"
"53","choropleth","linear","17","6","6","0","25"
"53","scatter","bayesian","13","3","3","0","26"
"53","choropleth","linear","8","6","6","0","27"
"53","scatter","kmeans","13","5","5","0","28"
"53","heatmap","bayesian","15","7","7","0","29"
"53","scatter","engagement","0","8","8","0","30"
"53","choropleth","designer","19","7","7","0","31"
"53","heatmap","kmeans","0","4","4","0","32"
"53","choropleth","designer","14","2","3","0","33"
"53","scatter","designer","4","4","3","0","34"
"53","heatmap","designer","8","2","3","0","35"
"53","scatter","linear","5","4","4","0","36"
"53","heatmap","engagement","0","8","8","0","37"
"53","choropleth","bayesian","21","6","5","0","38"
"54","heatmap","bayesian","13","3","3","0","0"
"54","scatter","bayesian","9","7","6","100","1"
"54","heatmap","bayesian","15","0","2","4","2"
"54","choropleth","linear","1","6","5","100","3"
"54","choropleth","kmeans","16","6","5","100","4"
"54","scatter","kmeans","19","7","7","0","5"
"54","choropleth","designer","16","5","5","100","6"
"54","choropleth","bayesian","4","0","0","0","7"
"54","heatmap","designer","20","3","4","100","8"
"54","heatmap","linear","25","5","4","100","9"
"54","heatmap","engagement","0","8","8","0","10"
"54","scatter","linear","18","8","8","100","11"
"54","heatmap","designer","8","8","8","0","12"
"54","scatter","linear","15","2","2","100","13"
"54","heatmap","kmeans","23","8","7","0","14"
"54","scatter","bayesian","1","3","3","100","15"
"54","scatter","kmeans","26","8","8","100","16"
"54","choropleth","kmeans","11","5","6","0","17"
"54","heatmap","bayesian","16","4","4","0","18"
"54","heatmap","kmeans","12","0","1","100","19"
"54","scatter","kmeans","15","5","8","100","20"
"54","heatmap","designer","24","2","3","0","21"
"54","choropleth","designer","3","7","3","100","22"
"54","choropleth","bayesian","2","5","4","100","23"
"54","scatter","designer","0","7","6","0","24"
"54","choropleth","bayesian","22","4","5","0","25"
"54","scatter","engagement","0","8","3","0","26"
"54","choropleth","linear","20","5","3","87","27"
"54","scatter","designer","6","3","2","100","28"
"54","choropleth","designer","26","7","7","64","29"
"54","scatter","linear","3","7","6","100","30"
"54","heatmap","linear","26","0","0","66","31"
"54","choropleth","engagement","0","8","8","61","32"
"54","heatmap","linear","0","2","3","0","33"
"54","heatmap","kmeans","9","6","6","100","34"
"54","choropleth","kmeans","5","4","3","100","35"
"54","scatter","designer","15","4","4","100","36"
"54","scatter","bayesian","19","3","2","100","37"
"54","choropleth","linear","9","7","6","100","38"
"55","heatmap","bayesian","20","6","6","0","0"
"55","choropleth","engagement","0","8","8","0","1"
"55","heatmap","linear","26","4","3","0","2"
"55","heatmap","designer","6","4","5","0","3"
"55","choropleth","bayesian","22","3","6","0","4"
"55","scatter","linear","13","2","0","0","5"
"55","choropleth","designer","9","4","5","0","6"
"55","choropleth","designer","11","4","3","0","7"
"55","choropleth","linear","1","6","3","0","8"
"55","scatter","bayesian","23","4","2","0","9"
"55","scatter","bayesian","4","2","1","0","10"
"55","scatter","engagement","0","8","8","0","11"
"55","scatter","designer","23","2","0","0","12"
"55","heatmap","kmeans","2","1","0","0","13"
"55","heatmap","designer","1","6","5","0","14"
"55","choropleth","designer","17","1","2","0","15"
"55","choropleth","linear","20","2","3","0","16"
"55","choropleth","bayesian","25","7","6","0","17"
"55","heatmap","linear","21","5","5","0","18"
"55","heatmap","linear","5","3","4","0","19"
"55","scatter","linear","9","6","5","0","20"
"55","scatter","kmeans","6","3","6","0","21"
"55","scatter","kmeans","8","1","0","0","22"
"55","scatter","linear","4","2","0","0","23"
"55","choropleth","linear","3","3","8","0","24"
"55","heatmap","kmeans","24","7","6","0","25"
"55","heatmap","bayesian","13","0","7","0","26"
"55","heatmap","designer","21","7","6","0","27"
"55","scatter","kmeans","22","5","1","0","28"
"55","choropleth","kmeans","13","8","7","0","29"
"55","heatmap","kmeans","26","8","6","0","30"
"55","scatter","designer","22","4","8","0","31"
"55","heatmap","engagement","0","8","8","0","32"
"55","heatmap","bayesian","9","6","6","0","33"
"55","choropleth","kmeans","17","2","2","0","34"
"55","choropleth","bayesian","12","1","2","0","35"
"55","choropleth","kmeans","20","2","0","0","36"
"55","scatter","bayesian","7","1","2","0","37"
"55","scatter","designer","5","8","8","0","38"
